{
  "timestamp": "2025-08-23T15:10:23.048949",
  "results": {
    "sorting": {
      "numpy_time": 0.0019304752349853516,
      "hyperflowx_time": 1.6742379665374756,
      "speed_boost": 0.0011530471017676212
    },
    "ml": {
      "random_forest": {
        "time": 8.737178087234497,
        "mse": 0.08488483058865982
      },
      "xgboost": {
        "time": 0.26587414741516113,
        "mse": 0.09807629510487977
      },
      "hyperflowx_ai": {
        "time": 0.25236058235168457,
        "mse": 0.08786323076641557
      }
    },
    "matrix_mult": {
      "numpy_time": 0.005025148391723633,
      "hyperflowx_time": 0.003943681716918945,
      "speed_boost": 1.2742276766821836
    },
    "hashing": {
      "sha256_time": 2.9802322387695312e-05,
      "hyperflowx_time": 4.124641418457031e-05,
      "speed_boost": 0.7225433526011561
    }
  }
}