{
  "timestamp": "2025-08-13T17:09:04.876075",
  "results": {
    "sorting": {
      "numpy_time": 0.0019190311431884766,
      "hyperflowx_time": 0.0012750625610351562,
      "speed_boost": 1.5050486163051608
    },
    "ml": {
      "random_forest": {
        "time": 8.202103853225708,
        "mse": 0.08593441028764033
      },
      "xgboost": {
        "time": 0.26508355140686035,
        "mse": 0.10302131646974567
      },
      "hyperflowx_ai": {
        "time": 0.25382304191589355,
        "mse": 0.09147581341307236
      }
    },
    "matrix_mult": {
      "numpy_time": 0.0063250064849853516,
      "hyperflowx_time": 0.003196239471435547,
      "speed_boost": 1.9788900492316872
    },
    "hashing": {
      "sha256_time": 2.956390380859375e-05,
      "hyperflowx_time": 4.267692565917969e-05,
      "speed_boost": 0.6927374301675978
    }
  }
}