{
  "timestamp": "2025-08-23T18:41:16.306625",
  "results": {
    "sorting": {
      "numpy_time": 0.0012842655181884766,
      "hyperflowx_time": 0.08429441452026368,
      "speed_boost": 0.0152354758674995
    },
    "ml": {
      "random_forest": {
        "time": 9.08695673942566,
        "mse": 0.0883048956651248
      },
      "xgboost": {
        "time": 0.2704746723175049,
        "mse": 0.10393354685761123
      },
      "hyperflowx_ai": {
        "time": 0.24502849578857422,
        "mse": 0.09359502051024578
      }
    },
    "matrix_mult": {
      "numpy_time": 0.007849931716918945,
      "hyperflowx_time": 0.003692150115966797,
      "speed_boost": 2.126113909337466
    },
    "hashing": {
      "sha256_time": 1.4781951904296875e-05,
      "hyperflowx_time": 1.0967254638671875e-05,
      "speed_boost": 1.3478260869565217
    }
  }
}