{
  "timestamp": "2025-08-23T18:13:06.566358",
  "results": {
    "sorting": {
      "numpy_time": 0.0019092559814453125,
      "hyperflowx_time": 1.6225841045379639,
      "speed_boost": 0.001176676127977341
    },
    "ml": {
      "random_forest": {
        "time": 8.973116397857666,
        "mse": 0.08287251340695574
      },
      "xgboost": {
        "time": 0.2627377510070801,
        "mse": 0.0956306665691589
      },
      "hyperflowx_ai": {
        "time": 0.24620485305786133,
        "mse": 0.08804001578223455
      }
    },
    "matrix_mult": {
      "numpy_time": 0.006754875183105469,
      "hyperflowx_time": 0.0037229061126708984,
      "speed_boost": 1.8144092219020174
    },
    "hashing": {
      "sha256_time": 2.86102294921875e-05,
      "hyperflowx_time": 8.344650268554688e-06,
      "speed_boost": 3.4285714285714284
    }
  }
}