{
  "timestamp": "2025-08-23T18:15:51.984420",
  "results": {
    "sorting": {
      "numpy_time": 0.0019299983978271484,
      "hyperflowx_time": 1.629063367843628,
      "speed_boost": 0.00118472886685916
    },
    "ml": {
      "random_forest": {
        "time": 8.911275863647461,
        "mse": 0.0863202606119163
      },
      "xgboost": {
        "time": 0.30104494094848633,
        "mse": 0.09961170746070061
      },
      "hyperflowx_ai": {
        "time": 0.2455132007598877,
        "mse": 0.08926882987285069
      }
    },
    "matrix_mult": {
      "numpy_time": 0.006690025329589844,
      "hyperflowx_time": 0.0035686492919921875,
      "speed_boost": 1.8746659540352753
    },
    "hashing": {
      "sha256_time": 2.8371810913085938e-05,
      "hyperflowx_time": 7.867813110351562e-06,
      "speed_boost": 3.606060606060606
    }
  }
}