{
  "timestamp": "2025-08-23T18:30:13.814577",
  "results": {
    "sorting": {
      "numpy_time": 0.001965761184692383,
      "hyperflowx_time": 1.8055744171142578,
      "speed_boost": 0.0010887178983373844
    },
    "ml": {
      "random_forest": {
        "time": 8.588746547698975,
        "mse": 0.08814808385969652
      },
      "xgboost": {
        "time": 0.2730586528778076,
        "mse": 0.09898750915870622
      },
      "hyperflowx_ai": {
        "time": 0.26673054695129395,
        "mse": 0.09357023925892471
      }
    },
    "matrix_mult": {
      "numpy_time": 0.007743120193481445,
      "hyperflowx_time": 0.003851175308227539,
      "speed_boost": 2.0105862688045564
    },
    "hashing": {
      "sha256_time": 3.147125244140625e-05,
      "hyperflowx_time": 1.0013580322265625e-05,
      "speed_boost": 3.142857142857143
    }
  }
}