{
  "timestamp": "2025-08-23T15:02:34.519948",
  "results": {
    "sorting": {
      "numpy_time": 0.0020956993103027344,
      "hyperflowx_time": 1.658576488494873,
      "speed_boost": 0.0012635530075580307
    },
    "ml": {
      "random_forest": {
        "time": 8.907201290130615,
        "mse": 0.08541596507782093
      },
      "xgboost": {
        "time": 0.26431870460510254,
        "mse": 0.10320051218254582
      },
      "hyperflowx_ai": {
        "time": 0.23809409141540527,
        "mse": 0.09012355850758962
      }
    },
    "matrix_mult": {
      "numpy_time": 0.008008241653442383,
      "hyperflowx_time": 0.003246307373046875,
      "speed_boost": 2.4668772032902466
    },
    "hashing": {
      "sha256_time": 2.7179718017578125e-05,
      "hyperflowx_time": 4.0531158447265625e-05,
      "speed_boost": 0.6705882352941176
    }
  }
}