{
  "timestamp": "2025-08-13T17:09:29.761696",
  "results": {
    "sorting": {
      "numpy_time": 0.001893758773803711,
      "hyperflowx_time": 0.0012664794921875,
      "speed_boost": 1.4952936746987953
    },
    "ml": {
      "random_forest": {
        "time": 9.343989849090576,
        "mse": 0.08434884483065518
      },
      "xgboost": {
        "time": 0.26384830474853516,
        "mse": 0.10266387781402862
      },
      "hyperflowx_ai": {
        "time": 0.2535557746887207,
        "mse": 0.09013591317403978
      }
    },
    "matrix_mult": {
      "numpy_time": 0.006900787353515625,
      "hyperflowx_time": 0.003178834915161133,
      "speed_boost": 2.170854271356784
    },
    "hashing": {
      "sha256_time": 3.266334533691406e-05,
      "hyperflowx_time": 4.172325134277344e-05,
      "speed_boost": 0.7828571428571428
    }
  }
}