{
  "sorting_1000": {
    "avg_time": 0.3218585968017578,
    "std_time": 0.6434865249538384,
    "throughput": 3106.9544512304246
  },
  "sorting_10000": {
    "avg_time": 0.0004210948944091797,
    "std_time": 9.111708064426876e-06,
    "throughput": 23747616.35148907
  },
  "sorting_50000": {
    "avg_time": 0.0023912906646728514,
    "std_time": 7.07100469750134e-05,
    "throughput": 20909210.552553393
  },
  "matrix_mult_128x128": {
    "avg_time": 0.003817319869995117,
    "std_time": 0.0038245739383430894,
    "throughput": 549378116.4329524
  },
  "matrix_mult_256x256": {
    "avg_time": 0.010589202245076498,
    "std_time": 0.00014209351722564413,
    "throughput": 1584370154.7773015
  },
  "matrix_mult_512x512": {
    "avg_time": 0.004183212916056315,
    "std_time": 0.0011589982415709567,
    "throughput": 32084842606.22634
  },
  "hashing_256": {
    "avg_time": 1.7404556274414062e-06,
    "std_time": 1.957502200613595e-06,
    "throughput": 147087921.0958904
  },
  "hashing_1024": {
    "avg_time": 1.0251998901367187e-06,
    "std_time": 4.891940242930219e-07,
    "throughput": 998829603.7209302
  },
  "hashing_4096": {
    "avg_time": 1.0013580322265625e-06,
    "std_time": 3.504023183989303e-07,
    "throughput": 4090445043.8095236
  }
}