{
  "sorting_1000": {
    "avg_time": 0.3218092918395996,
    "std_time": 0.6433767095776394,
    "throughput": 3107.4304731338616
  },
  "sorting_10000": {
    "avg_time": 0.00044312477111816404,
    "std_time": 3.226979394442178e-05,
    "throughput": 22567007.424943507
  },
  "sorting_50000": {
    "avg_time": 0.002385520935058594,
    "std_time": 9.228032298304738e-05,
    "throughput": 20959782.5217878
  },
  "matrix_mult_128x128": {
    "avg_time": 0.4037938117980957,
    "std_time": 0.5694120175258734,
    "throughput": 5193620.948922848
  },
  "matrix_mult_256x256": {
    "avg_time": 0.00969711939493815,
    "std_time": 0.00014745726000326136,
    "throughput": 1730123691.0373225
  },
  "matrix_mult_512x512": {
    "avg_time": 0.004202683766682942,
    "std_time": 0.0012225540034110157,
    "throughput": 31936194929.540035
  },
  "hashing_256": {
    "avg_time": 6.330013275146484e-05,
    "std_time": 5.6170223106812995e-06,
    "throughput": 4044225.3258003765
  },
  "hashing_1024": {
    "avg_time": 0.00026063919067382814,
    "std_time": 5.881550049258555e-06,
    "throughput": 3928802.8686425174
  },
  "hashing_4096": {
    "avg_time": 0.0010620355606079102,
    "std_time": 4.775816350939305e-06,
    "throughput": 3856744.6815579752
  }
}