{
  "sorting_1000": {
    "avg_time": 0.3286241054534912,
    "std_time": 0.6570056212301797,
    "throughput": 3042.9904057708445
  },
  "sorting_10000": {
    "avg_time": 0.00043354034423828127,
    "std_time": 1.1244261023605046e-05,
    "throughput": 23065904.091509018
  },
  "sorting_50000": {
    "avg_time": 0.002403116226196289,
    "std_time": 9.419852586990327e-05,
    "throughput": 20806317.83637915
  },
  "matrix_mult_128x128": {
    "avg_time": 0.004146893819173177,
    "std_time": 0.004350328954997679,
    "throughput": 505716348.53629744
  },
  "matrix_mult_256x256": {
    "avg_time": 0.009524981180826822,
    "std_time": 0.0003192514296113676,
    "throughput": 1761390986.658479
  },
  "matrix_mult_512x512": {
    "avg_time": 0.004931847254435222,
    "std_time": 0.0020364590944557713,
    "throughput": 27214494098.39238
  },
  "hashing_256": {
    "avg_time": 1.7833709716796874e-05,
    "std_time": 1.8206127274200553e-05,
    "throughput": 14354837.219251337
  },
  "hashing_1024": {
    "avg_time": 1.277923583984375e-05,
    "std_time": 2.5815348975447015e-06,
    "throughput": 80129986.86567163
  },
  "hashing_4096": {
    "avg_time": 1.7428398132324217e-05,
    "std_time": 2.2070144000850196e-06,
    "throughput": 235018730.28727773
  }
}