{
  "sorting_1000": {
    "avg_time": 0.34118990898132323,
    "std_time": 0.682137705724097,
    "throughput": 2930.9190385661145
  },
  "sorting_10000": {
    "avg_time": 0.00041971206665039065,
    "std_time": 1.6680170013907693e-05,
    "throughput": 23825857.759600088
  },
  "sorting_50000": {
    "avg_time": 0.002400827407836914,
    "std_time": 7.20913129763608e-05,
    "throughput": 20826153.448926494
  },
  "matrix_mult_128x128": {
    "avg_time": 0.003722588221232096,
    "std_time": 0.003959686713966964,
    "throughput": 563358576.1752311
  },
  "matrix_mult_256x256": {
    "avg_time": 0.009314139684041342,
    "std_time": 0.00011457533580492362,
    "throughput": 1801263086.997261
  },
  "matrix_mult_512x512": {
    "avg_time": 0.004862626393636067,
    "std_time": 0.001559046845458737,
    "throughput": 27601900112.18148
  },
  "hashing_256": {
    "avg_time": 1.6021728515625e-05,
    "std_time": 1.3378150652776552e-05,
    "throughput": 15978300.952380951
  },
  "hashing_1024": {
    "avg_time": 1.277923583984375e-05,
    "std_time": 2.4012905715969414e-06,
    "throughput": 80129986.86567163
  },
  "hashing_4096": {
    "avg_time": 1.735687255859375e-05,
    "std_time": 2.005552372437772e-06,
    "throughput": 235987214.06593406
  }
}