{
  "timestamp": "2025-08-13T18:15:02.209220",
  "sorting_results": {
    "1000_random": {
      "size": 1000,
      "pattern": "random",
      "hfx_time": 1.7658121585845947,
      "numpy_time": 5.507469177246094e-05,
      "speedup": 3.118943966078851e-05,
      "is_correct": true
    },
    "1000_sorted": {
      "size": 1000,
      "pattern": "sorted",
      "hfx_time": 0.0002155303955078125,
      "numpy_time": 2.4557113647460938e-05,
      "speedup": 0.11393805309734513,
      "is_correct": true
    },
    "1000_reverse": {
      "size": 1000,
      "pattern": "reverse",
      "hfx_time": 0.00017595291137695312,
      "numpy_time": 2.2411346435546875e-05,
      "speedup": 0.12737127371273713,
      "is_correct": true
    },
    "1000_duplicates": {
      "size": 1000,
      "pattern": "duplicates",
      "hfx_time": 0.00015616416931152344,
      "numpy_time": 2.1219253540039062e-05,
      "speedup": 0.13587786259541984,
      "is_correct": true
    },
    "10000_random": {
      "size": 10000,
      "pattern": "random",
      "hfx_time": 0.000492095947265625,
      "numpy_time": 0.00013017654418945312,
      "speedup": 0.26453488372093026,
      "is_correct": true
    },
    "10000_sorted": {
      "size": 10000,
      "pattern": "sorted",
      "hfx_time": 0.00048232078552246094,
      "numpy_time": 0.00013208389282226562,
      "speedup": 0.27385071675729117,
      "is_correct": true
    },
    "10000_reverse": {
      "size": 10000,
      "pattern": "reverse",
      "hfx_time": 0.0005421638488769531,
      "numpy_time": 0.00013303756713867188,
      "speedup": 0.24538258575197888,
      "is_correct": true
    },
    "10000_duplicates": {
      "size": 10000,
      "pattern": "duplicates",
      "hfx_time": 0.0004069805145263672,
      "numpy_time": 7.891654968261719e-05,
      "speedup": 0.19390743995313414,
      "is_correct": true
    },
    "100000_random": {
      "size": 100000,
      "pattern": "random",
      "hfx_time": 0.005082368850708008,
      "numpy_time": 0.0013306140899658203,
      "speedup": 0.26180982314584605,
      "is_correct": true
    },
    "100000_sorted": {
      "size": 100000,
      "pattern": "sorted",
      "hfx_time": 0.0048596858978271484,
      "numpy_time": 0.0013155937194824219,
      "speedup": 0.2707157925722416,
      "is_correct": true
    },
    "100000_reverse": {
      "size": 100000,
      "pattern": "reverse",
      "hfx_time": 0.0051195621490478516,
      "numpy_time": 0.0013248920440673828,
      "speedup": 0.2587901085083593,
      "is_correct": true
    },
    "100000_duplicates": {
      "size": 100000,
      "pattern": "duplicates",
      "hfx_time": 0.002591848373413086,
      "numpy_time": 0.0005688667297363281,
      "speedup": 0.21948302824027227,
      "is_correct": true
    },
    "500000_random": {
      "size": 500000,
      "pattern": "random",
      "hfx_time": 0.03434920310974121,
      "numpy_time": 0.007326364517211914,
      "speedup": 0.21329066918394401,
      "is_correct": true
    },
    "500000_sorted": {
      "size": 500000,
      "pattern": "sorted",
      "hfx_time": 0.0322268009185791,
      "numpy_time": 0.007138729095458984,
      "speedup": 0.22151528826875985,
      "is_correct": true
    },
    "500000_reverse": {
      "size": 500000,
      "pattern": "reverse",
      "hfx_time": 0.03268313407897949,
      "numpy_time": 0.007269382476806641,
      "speedup": 0.2224199937264285,
      "is_correct": true
    },
    "500000_duplicates": {
      "size": 500000,
      "pattern": "duplicates",
      "hfx_time": 0.01799941062927246,
      "numpy_time": 0.002717256546020508,
      "speedup": 0.15096363997615736,
      "is_correct": true
    },
    "1000000_random": {
      "size": 1000000,
      "pattern": "random",
      "hfx_time": 0.06811380386352539,
      "numpy_time": 0.015351057052612305,
      "speedup": 0.22537365676082466,
      "is_correct": true
    },
    "1000000_sorted": {
      "size": 1000000,
      "pattern": "sorted",
      "hfx_time": 0.06331038475036621,
      "numpy_time": 0.014856815338134766,
      "speedup": 0.23466632522792918,
      "is_correct": true
    },
    "1000000_reverse": {
      "size": 1000000,
      "pattern": "reverse",
      "hfx_time": 0.06357336044311523,
      "numpy_time": 0.01492619514465332,
      "speedup": 0.2347869459883141,
      "is_correct": true
    },
    "1000000_duplicates": {
      "size": 1000000,
      "pattern": "duplicates",
      "hfx_time": 0.034291982650756836,
      "numpy_time": 0.005585670471191406,
      "speedup": 0.16288560880477784,
      "is_correct": true
    }
  },
  "matrix_results": {
    "64x64": {
      "shape": [
        64,
        64
      ],
      "hfx_time": 0.28101301193237305,
      "numpy_time": 0.00032138824462890625,
      "speedup": 0.0011436774490223595,
      "is_correct": true
    },
    "128x128": {
      "shape": [
        128,
        128
      ],
      "hfx_time": 0.011199235916137695,
      "numpy_time": 0.0016505718231201172,
      "speedup": 0.1473825389053286,
      "is_correct": true
    },
    "256x256": {
      "shape": [
        256,
        256
      ],
      "hfx_time": 0.03684234619140625,
      "numpy_time": 0.008628368377685547,
      "speedup": 0.23419703872437359,
      "is_correct": true
    },
    "512x512": {
      "shape": [
        512,
        512
      ],
      "hfx_time": 0.0038373470306396484,
      "numpy_time": 0.0044820308685302734,
      "speedup": 1.1680024852438646,
      "is_correct": true
    },
    "1024x1024": {
      "shape": [
        1024,
        1024
      ],
      "hfx_time": 0.025125741958618164,
      "numpy_time": 0.026294946670532227,
      "speedup": 1.0465341367367271,
      "is_correct": true
    }
  },
  "hashing_results": {
    "256": {
      "size_bytes": 256,
      "hfx_time": 4.076957702636719e-05,
      "sha256_time": 1.7642974853515625e-05,
      "speedup": 0.4327485380116959,
      "hfx_hash_length": 6,
      "sha_hash_length": 64
    },
    "1024": {
      "size_bytes": 1024,
      "hfx_time": 0.00017023086547851562,
      "sha256_time": 1.7404556274414062e-05,
      "speedup": 0.10224089635854341,
      "hfx_hash_length": 7,
      "sha_hash_length": 64
    },
    "4096": {
      "size_bytes": 4096,
      "hfx_time": 0.0005521774291992188,
      "sha256_time": 1.5497207641601562e-05,
      "speedup": 0.028065630397236616,
      "hfx_hash_length": 8,
      "sha_hash_length": 64
    },
    "16384": {
      "size_bytes": 16384,
      "hfx_time": 0.0018742084503173828,
      "sha256_time": 2.3603439331054688e-05,
      "speedup": 0.012593817580460501,
      "hfx_hash_length": 9,
      "sha_hash_length": 64
    },
    "65536": {
      "size_bytes": 65536,
      "hfx_time": 0.006131410598754883,
      "sha256_time": 5.507469177246094e-05,
      "speedup": 0.008982385192674107,
      "hfx_hash_length": 10,
      "sha_hash_length": 64
    },
    "262144": {
      "size_bytes": 262144,
      "hfx_time": 0.02415752410888672,
      "sha256_time": 0.0001804828643798828,
      "speedup": 0.007471082862895267,
      "hfx_hash_length": 11,
      "sha_hash_length": 64
    }
  },
  "edge_case_results": {
    "passed": 16,
    "failed": 1,
    "tests": {
      "empty_array": true,
      "single_element": true,
      "two_elements": true,
      "all_same": true,
      "negative_numbers": false,
      "large_numbers": true,
      "matrix_1x1": true,
      "matrix_2x2": true,
      "matrix_rectangular_tall": true,
      "matrix_rectangular_wide": true,
      "matrix_identity": true,
      "matrix_zeros": true,
      "hash_empty_data": true,
      "hash_single_byte": true,
      "hash_repeated_pattern": true,
      "hash_all_zeros": true,
      "hash_all_ones": true
    }
  },
  "regression_results": {
    "matrix_512x512": {
      "claimed_speedup": 2.17,
      "actual_speedup": 1.0616225886969948,
      "meets_claim": "False",
      "numpy_time": 0.0035085678100585938,
      "hfx_time": 0.003304910659790039
    },