{
  "timestamp": "2025-08-23T17:44:46.135160",
  "sorting_results": {
    "1000_random": {
      "size": 1000,
      "pattern": "random",
      "hfx_time": 1.6419720649719238,
      "numpy_time": 4.9591064453125e-05,
      "speedup": 3.0202136510752978e-05,
      "is_correct": true
    },
    "1000_sorted": {
      "size": 1000,
      "pattern": "sorted",
      "hfx_time": 0.00034427642822265625,
      "numpy_time": 2.288818359375e-05,
      "speedup": 0.0664819944598338,
      "is_correct": true
    },
    "1000_reverse": {
      "size": 1000,
      "pattern": "reverse",
      "hfx_time": 0.00033092498779296875,
      "numpy_time": 2.4557113647460938e-05,
      "speedup": 0.07420749279538905,
      "is_correct": true
    },
    "1000_duplicates": {
      "size": 1000,
      "pattern": "duplicates",
      "hfx_time": 0.0003132820129394531,
      "numpy_time": 2.3126602172851562e-05,
      "speedup": 0.07382039573820395,
      "is_correct": true
    },
    "10000_random": {
      "size": 10000,
      "pattern": "random",
      "hfx_time": 0.0006225109100341797,
      "numpy_time": 0.00012040138244628906,
      "speedup": 0.1934124856376867,
      "is_correct": true
    },
    "10000_sorted": {
      "size": 10000,
      "pattern": "sorted",
      "hfx_time": 0.0006563663482666016,
      "numpy_time": 0.00014281272888183594,
      "speedup": 0.21758082092262987,
      "is_correct": true
    },
    "10000_reverse": {
      "size": 10000,
      "pattern": "reverse",
      "hfx_time": 0.0006437301635742188,
      "numpy_time": 0.0001246929168701172,
      "speedup": 0.1937037037037037,
      "is_correct": true
    },
    "10000_duplicates": {
      "size": 10000,
      "pattern": "duplicates",
      "hfx_time": 0.0005376338958740234,
      "numpy_time": 7.43865966796875e-05,
      "speedup": 0.13835920177383593,
      "is_correct": true
    },
    "100000_random": {
      "size": 100000,
      "pattern": "random",
      "hfx_time": 0.007784605026245117,
      "numpy_time": 0.0012824535369873047,
      "speedup": 0.16474227435606872,
      "is_correct": true
    },
    "100000_sorted": {
      "size": 100000,
      "pattern": "sorted",
      "hfx_time": 0.007284879684448242,
      "numpy_time": 0.001302480697631836,
      "speedup": 0.17879234167893962,
      "is_correct": true
    },
    "100000_reverse": {
      "size": 100000,
      "pattern": "reverse",
      "hfx_time": 0.006869077682495117,
      "numpy_time": 0.0012898445129394531,
      "speedup": 0.1877755024122731,
      "is_correct": true
    },
    "100000_duplicates": {
      "size": 100000,
      "pattern": "duplicates",
      "hfx_time": 0.005071163177490234,
      "numpy_time": 0.0005433559417724609,
      "speedup": 0.1071462153267513,
      "is_correct": true
    },
    "500000_random": {
      "size": 500000,
      "pattern": "random",
      "hfx_time": 0.036865949630737305,
      "numpy_time": 0.007071733474731445,
      "speedup": 0.19182290285655157,
      "is_correct": true
    },
    "500000_sorted": {
      "size": 500000,
      "pattern": "sorted",
      "hfx_time": 0.03394746780395508,
      "numpy_time": 0.007126569747924805,
      "speedup": 0.209929346986361,
      "is_correct": true
    },
    "500000_reverse": {
      "size": 500000,
      "pattern": "reverse",
      "hfx_time": 0.033908843994140625,
      "numpy_time": 0.007125139236450195,
      "speedup": 0.2101262796715041,
      "is_correct": true
    },
    "500000_duplicates": {
      "size": 500000,
      "pattern": "duplicates",
      "hfx_time": 0.019750595092773438,
      "numpy_time": 0.002643585205078125,
      "speedup": 0.13384838242394978,
      "is_correct": true
    },
    "1000000_random": {
      "size": 1000000,
      "pattern": "random",
      "hfx_time": 0.06595659255981445,
      "numpy_time": 0.014975786209106445,
      "speedup": 0.22705518323320392,
      "is_correct": true
    },
    "1000000_sorted": {
      "size": 1000000,
      "pattern": "sorted",
      "hfx_time": 0.06325030326843262,
      "numpy_time": 0.014641761779785156,
      "speedup": 0.2314891948841084,
      "is_correct": true
    },
    "1000000_reverse": {
      "size": 1000000,
      "pattern": "reverse",
      "hfx_time": 0.06287217140197754,
      "numpy_time": 0.014880180358886719,
      "speedup": 0.23667355567774598,
      "is_correct": true
    },
    "1000000_duplicates": {
      "size": 1000000,
      "pattern": "duplicates",
      "hfx_time": 0.03428387641906738,
      "numpy_time": 0.0056171417236328125,
      "speedup": 0.16384208293636168,
      "is_correct": true
    }
  },
  "matrix_results": {
    "64x64": {
      "shape": [
        64,
        64
      ],
      "hfx_time": 0.004279375076293945,
      "numpy_time": 0.00025010108947753906,
      "speedup": 0.058443367318513566,
      "is_correct": true
    },
    "128x128": {
      "shape": [
        128,
        128
      ],
      "hfx_time": 0.009328842163085938,
      "numpy_time": 0.004110097885131836,
      "speedup": 0.4405796360662441,
      "is_correct": true
    },
    "256x256": {
      "shape": [
        256,
        256
      ],
      "hfx_time": 0.041170358657836914,
      "numpy_time": 0.0019931793212890625,
      "speedup": 0.04841296957974531,
      "is_correct": true
    },
    "512x512": {
      "shape": [
        512,
        512
      ],
      "hfx_time": 0.003912687301635742,
      "numpy_time": 0.004351139068603516,
      "speedup": 1.11205898482725,
      "is_correct": true
    },
    "1024x1024": {
      "shape": [
        1024,
        1024
      ],
      "hfx_time": 0.024933576583862305,
      "numpy_time": 0.025065898895263672,
      "speedup": 1.0053069927997016,
      "is_correct": true
    }
  },
  "hashing_results": {
    "256": {
      "size_bytes": 256,
      "hfx_time": 5.745887756347656e-05,
      "sha256_time": 1.3113021850585938e-05,
      "speedup": 0.22821576763485477,
      "hfx_hash_length": 6,
      "sha_hash_length": 64
    },
    "1024": {
      "size_bytes": 1024,
      "hfx_time": 4.1961669921875e-05,
      "sha256_time": 1.0728836059570312e-05,
      "speedup": 0.2556818181818182,
      "hfx_hash_length": 7,
      "sha_hash_length": 64
    },
    "4096": {
      "size_bytes": 4096,
      "hfx_time": 6.937980651855469e-05,
      "sha256_time": 1.430511474609375e-05,
      "speedup": 0.20618556701030927,
      "hfx_hash_length": 8,
      "sha_hash_length": 64
    },
    "16384": {
      "size_bytes": 16384,
      "hfx_time": 6.127357482910156e-05,
      "sha256_time": 1.9311904907226562e-05,
      "speedup": 0.3151750972762646,
      "hfx_hash_length": 9,
      "sha_hash_length": 64
    },
    "65536": {
      "size_bytes": 65536,
      "hfx_time": 0.00021338462829589844,
      "sha256_time": 5.1021575927734375e-05,
      "speedup": 0.23910614525139665,
      "hfx_hash_length": 10,
      "sha_hash_length": 64
    },
    "262144": {
      "size_bytes": 262144,
      "hfx_time": 0.0005364418029785156,
      "sha256_time": 0.00017499923706054688,
      "speedup": 0.32622222222222225,
      "hfx_hash_length": 11,
      "sha_hash_length": 64
    }
  },
  "edge_case_results": {
    "passed": 17,
    "failed": 0,
    "tests": {
      "empty_array": true,
      "single_element": true,
      "two_elements": true,
      "all_same": true,
      "negative_numbers": true,
      "large_numbers": true,
      "matrix_1x1": true,
      "matrix_2x2": true,
      "matrix_rectangular_tall": true,
      "matrix_rectangular_wide": true,
      "matrix_identity": true,
      "matrix_zeros": true,
      "hash_empty_data": true,
      "hash_single_byte": true,
      "hash_repeated_pattern": true,
      "hash_all_zeros": true,
      "hash_all_ones": true
    }
  },
  "regression_results": {
    "matrix_512x512": {
      "claimed_speedup": 2.17,
      "actual_speedup": 1.0393414823712286,
      "meets_claim": "False",
      "numpy_time": 0.003507089614868164,
      "hfx_time": 0.003374338150024414
    },